abbreviate,"축약하다, 단축하다","Please abbreviate your explanation to make it shorter.","설명을 축약해서 더 간결하게 만드세요."
accommodate,"수용하다","This hotel can accommodate 500 guests.","이 호텔은 500명의 손님을 수용할 수 있습니다."
accuse A of B,"B를 이유로 A를 고발하다","He was accused of stealing the money.","그는 돈을 훔친 혐의로 고발당했습니다."
acquaint,"익히다, 숙지하다","She took time to acquaint herself with the new system.","그녀는 새 시스템을 숙지하는 데 시간을 들였습니다."
adamantly,"확고하게","He adamantly refused to change his mind.","그는 확고하게 마음을 바꾸지 않겠다고 했습니다."
adequate,"적절한","The food was adequate for a small gathering.","그 음식은 작은 모임에 적절했습니다."
adhere,"고수하다","You must adhere to the rules of the game.","당신은 게임의 규칙을 고수해야 합니다."
adhesive,"점착성의","The adhesive tape stuck to the wall firmly.","점착 테이프가 벽에 단단히 붙었습니다."
alleviate,"줄이다, 완화하다","The medicine helped alleviate his pain.","약이 그의 고통을 줄이는 데 도움이 되었습니다."
amendment,"개정","The constitution underwent its first amendment.","헌법이 첫 번째 개정을 거쳤습니다."
anticipate,"예상하다","We anticipate heavy traffic during the holiday.","우리는 휴일 동안 교통 체증을 예상합니다."
approve,"승인하다, 찬성하다","The manager approved the budget proposal.","매니저가 예산 제안을 승인했습니다."
aspect,"면, 측면","We must consider every aspect of the plan.","우리는 계획의 모든 측면을 고려해야 합니다."
aspire,"열망하다","She aspires to become a great artist.","그녀는 위대한 예술가가 되기를 열망합니다."
assess,"평가하다, 감정하다","The teacher will assess the students' performance.","교사가 학생들의 성과를 평가할 것입니다."
assume,"맡다, 취하다","He will assume responsibility for the project.","그는 프로젝트의 책임을 맡을 것입니다."
assure,"보증하다, 안심시키다","I assure you that everything will be fine.","모든 것이 괜찮을 것이라고 보증합니다."
apparently,"외관상으로는, 분명히","Apparently, he is the most qualified candidate.","외관상으로는 그가 가장 적격인 후보입니다."
as to,"~에 관하여","There is no question as to his honesty.","그의 정직함에 관해서는 의문이 없습니다."
assign,"임무를 할당하다","The teacher assigned homework to the students.","교사가 학생들에게 숙제를 할당했습니다."
associate,"관련시키다","I associate the smell of cookies with my childhood.","저는 쿠키 냄새를 제 어린 시절과 연관시킵니다."
attendant,"안내원, 참석자","The attendant helped the visitors find their seats.","안내원이 방문객들이 좌석을 찾도록 도와주었습니다."
attentive,"주의 깊은, 경청하는","She was attentive during the lecture.","그녀는 강의 중에 주의 깊게 경청했습니다."
attraction,관광명소,"The Eiffel Tower is a famous tourist attraction.","에펠탑은 유명한 관광명소입니다."
attribute,~에 귀착시키다,"He attributes his success to hard work.","그는 자신의 성공을 노력 덕분으로 돌립니다."
banquet,연회,"The wedding banquet was held in a grand hall.","결혼 연회는 웅장한 홀에서 열렸습니다."
barring,"~이 없다면, ~을 제외하고","Barring unforeseen circumstances, the event will proceed as planned.","예기치 않은 상황이 없다면, 행사는 예정대로 진행됩니다."
be eligible for,~에 대한 자격이 있다,"You must have a degree to be eligible for this job.","이 직업에 지원하려면 학위를 소지해야 합니다."
be reluctant to,~하기를 꺼리다,"He was reluctant to share his personal information.","그는 자신의 개인 정보를 공유하기를 꺼렸습니다."
become acquaint with,~와 알게되다,"She became acquaint with the new software quickly.","그녀는 새로운 소프트웨어를 빠르게 익혔습니다."
belated,때늦은,"We wished her a belated happy birthday.","우리는 그녀에게 때늦은 생일 축하를 전했습니다."
bewilder,당황하게 하다,"The complex instructions bewildered the students.","복잡한 지시사항이 학생들을 당황하게 만들었습니다."
boast,자랑하다,"He boasted about his achievements.","그는 자신의 성과를 자랑했습니다."
by comparison,비교해 보면,"By comparison, this option is much cheaper.","비교해 보면, 이 옵션이 훨씬 저렴합니다."
cautious,"조심성 있는, 신중한","He was cautious while driving in the rain.","그는 비 오는 날 운전할 때 신중했습니다."
certificate,"자격증, 자격증을 교부하다","She received a certificate for completing the course.","그녀는 과정을 이수한 자격증을 받았습니다."
clarify,분명히 하다,"The teacher clarified the assignment instructions.","선생님이 과제 지시사항을 분명히 설명했습니다."
coincide,일치하다,"The festival coincides with my birthday.","축제가 제 생일과 일치합니다."
colleague,동료,"She asked her colleague for advice on the project.","그녀는 프로젝트에 대한 조언을 동료에게 요청했습니다."
commit,"전념하다, 헌신하다","He committed himself to completing the task on time.","그는 과제를 제시간에 끝내는 데 전념했습니다."
committable,위탁할 수 있는,"These funds are committable for community projects.","이 자금은 커뮤니티 프로젝트에 위탁될 수 있습니다."
devise,"궁리하다, 고안하다","The engineers devised a new system to improve efficiency.","엔지니어들이 효율성을 높이기 위해 새로운 시스템을 고안했습니다."
devote,~에 바치다,"She devoted her life to helping others.","그녀는 다른 사람들을 돕는 데 자신의 삶을 바쳤습니다."
discard,버리다,"He discarded the old papers from the drawer.","그는 서랍에서 오래된 종이들을 버렸습니다."
discerning,"식별력 있는, 안목 있는","She has a discerning eye for quality art.","그녀는 고품질 예술품을 식별할 줄 아는 안목이 있습니다."
disclose,"밝히다, 드러내다","The report disclosed important findings.","보고서가 중요한 발견을 밝혀냈습니다."
discourteous,무례한,"It was discourteous of him to interrupt the meeting.","회의를 방해한 것은 그에게 무례한 행동이었습니다."
discrepancy,"차이, 불일치","There was a discrepancy between the two reports.","두 보고서 사이에 차이가 있었습니다."
dispensable,없어도 되는,"These extra features are dispensable.","이 추가 기능들은 없어도 됩니다."
disperse,"해산시키다, 분산시키다","The police dispersed the crowd after the protest.","경찰이 시위 후 군중을 해산시켰습니다."
distinctively,"구별하여, 특징적으로","The building is distinctively modern in design.","그 건물은 디자인 면에서 특징적으로 현대적입니다."
distract,집중이 안 되게 하다,"The noise outside distracted her from studying.","밖의 소음이 그녀가 공부에 집중하지 못하게 했습니다."
diverge,"분기하다, 나눠지다","The paths diverge in the middle of the forest.","숲 한가운데에서 길이 나뉩니다."
dormitory,기숙사,"The students returned to the dormitory after classes.","학생들은 수업이 끝난 후 기숙사로 돌아갔습니다."
drastic,"강력한, 과감함","The company took drastic measures to cut costs.","회사는 비용을 줄이기 위해 과감한 조치를 취했습니다."
dwelling,"거주, 거처","The cave was once used as a human dwelling.","그 동굴은 한때 인간의 거처로 사용되었습니다."
ecology,생태학,"She is studying ecology to understand the environment better.","그녀는 환경을 더 잘 이해하기 위해 생태학을 공부하고 있습니다."
eloquent,"설득력 있는, 웅변력 있는","The speaker gave an eloquent speech about climate change.","연설자는 기후 변화에 대해 설득력 있는 연설을 했습니다."
emerge,"드러나다, 나타나다","New evidence has emerged in the case.","그 사건에서 새로운 증거가 드러났습니다."
emission,배출,"The factory reduced its carbon emissions by 20%.","그 공장은 탄소 배출량을 20% 줄였습니다."
emphasize,강조하다,"He emphasized the importance of teamwork in his presentation.","그는 발표에서 팀워크의 중요성을 강조했습니다."
endorsement,"배서, 보증","The product received an endorsement from a famous celebrity.","그 제품은 유명 연예인의 보증을 받았습니다."
endowment,"기증, 기부","The university received a generous endowment for its research programs.","그 대학은 연구 프로그램을 위해 관대한 기부를 받았습니다."
enhance,"강화하다, 높이다","The new policy aims to enhance employee satisfaction.","새 정책은 직원 만족도를 높이는 것을 목표로 합니다."
entrepreneurship,기업가 정신,"He studied entrepreneurship to start his own business.","그는 자신의 사업을 시작하기 위해 기업가 정신을 공부했습니다."
erect,세우다,"They erected a monument in honor of the fallen soldiers.","그들은 전사한 병사들을 기리기 위해 기념비를 세웠습니다."
essentially,본질적으로,"The two proposals are essentially the same.","그 두 제안은 본질적으로 동일합니다."
estranged from,~로부터 소원해진,"She felt estranged from her old friends after moving abroad.","그녀는 해외로 이사한 후 옛 친구들과 소원해졌다고 느꼈습니다."
ethic,윤리,"The company follows a strict work ethic.","그 회사는 엄격한 직업 윤리를 따릅니다."
evaluate,"평가하다, 감정하다","The teacher will evaluate the students' projects next week.","선생님은 다음 주에 학생들의 프로젝트를 평가할 것입니다."
exaggerated,과장된,"The news report was exaggerated to attract more viewers.","그 뉴스 보도는 더 많은 시청자를 끌기 위해 과장되었습니다."
exclusively,배타적으로,"This lounge is exclusively for VIP members.","이 라운지는 VIP 회원만을 위한 공간입니다."
exotic,이국적인,"The restaurant serves exotic dishes from around the world.","그 레스토랑은 세계 각국의 이국적인 요리를 제공합니다."
execute,"실행하다, 집행하다","The manager executed the plan flawlessly.","매니저는 계획을 완벽하게 실행했습니다."
expel,내쫒다,"The school decided to expel the student for cheating.","학교는 부정행위를 한 학생을 퇴학시키기로 결정했습니다."
expertise,"전문적 지식, 기술","Her expertise in marketing helped the company grow.","그녀의 마케팅 전문 지식은 회사가 성장하는 데 도움을 주었습니다."
exquisite,"정교한, 더없이 훌륭한","The artist created an exquisite painting of the sunset.","그 화가는 석양의 정교한 그림을 그렸습니다."
extension number,내선 번호,"Please dial extension number 123 to reach the manager.","매니저와 통화하려면 내선 번호 123번으로 전화하세요."
extensively,광범위하게,"The new product has been extensively tested before its release.","새 제품은 출시 전에 광범위하게 테스트되었습니다."
extent,"규모, 범위","The extent of the damage is still unknown.","피해 규모는 아직 알려지지 않았습니다."
extinctions,멸종,"Human activity has caused the extinction of many species.","인간 활동이 많은 종의 멸종을 초래했습니다."
extracurricular,"과외의, 정규 과목 이외의","She participates in many extracurricular activities, including drama and sports.","그녀는 연극과 스포츠를 포함한 많은 과외 활동에 참여합니다."
inclination,"경향, 기울어짐","He has an inclination to avoid conflict.","그는 갈등을 피하려는 경향이 있습니다."
incur,"초래하다, 발생시키다","The company incurred heavy losses during the pandemic.","그 회사는 팬데믹 동안 막대한 손실을 초래했습니다."
initiative,"솔선, 독창성","The government has launched a new initiative to promote education.","정부는 교육을 장려하기 위한 새로운 계획을 시작했습니다."
inquiry,"질문, 문의","We received an inquiry about our services yesterday.","어제 우리 서비스에 대한 문의를 받았습니다."
insolent,무례한,"His insolent attitude offended the guests.","그의 무례한 태도가 손님들을 불쾌하게 했습니다."
inspect,"면밀하게 살피다, 점검하다","The engineer inspected the building for structural issues.","엔지니어가 구조적 문제를 점검하기 위해 건물을 살폈습니다."
instance,"사례, 경우","This is just one instance of the many problems we face.","이것은 우리가 직면한 많은 문제 중 한 가지 사례일 뿐입니다."
instigate,"부추기다, 선동하다","The leader was accused of instigating violence.","그 지도자는 폭력을 선동했다는 혐의를 받았습니다."
intangible,무형의,"Happiness is an intangible quality that is hard to define.","행복은 정의하기 어려운 무형의 특성입니다."
intend to,~할 생각이다,"I intend to finish the project by next week.","나는 다음 주까지 프로젝트를 끝낼 생각입니다."
intensify,강화하다,"The storm is expected to intensify over the weekend.","폭풍은 주말 동안 강해질 것으로 예상됩니다."
intention,의도,"Her intention was to help, not to criticize.","그녀의 의도는 비판이 아니라 돕는 것이었습니다."
interim,임시의,"An interim report will be submitted by the end of the month.","임시 보고서는 이달 말까지 제출될 것입니다."
intriguing,흥미를 자아내는,"The book's intriguing plot kept me hooked until the end.","그 책의 흥미로운 줄거리가 끝까지 나를 사로잡았습니다."
iron things out,문제를 해결하다,"Let's iron things out before the meeting tomorrow.","내일 회의 전에 문제를 해결합시다."
irrigation,관개,"The farmers rely on irrigation to grow their crops.","농부들은 농작물을 재배하기 위해 관개에 의존합니다."
isolation,"고립, 고독","She lived in isolation for many years after the tragedy.","그녀는 비극 이후 오랫동안 고립된 생활을 했습니다."
itinerary,여행 일정표,"The travel agent sent us the itinerary for our trip.","여행사는 우리 여행의 일정표를 보내줬습니다."
keep clear of,~에서 떨어져 있다,"Keep clear of the construction area for your safety.","안전을 위해 공사 구역에서 떨어져 있으세요."
keep track of,~에 대해 파악하고 있다,"It's hard to keep track of all the changes in the project.","프로젝트의 모든 변화를 파악하는 것은 어렵습니다."
lapse,"착오, 실수","A lapse in judgment caused the accident.","판단 착오가 사고를 초래했습니다."
legnthy,"너무 긴, 장황한","The meeting was unnecessarily lengthy and unproductive.","회의는 불필요하게 길고 비생산적이었습니다."
lessen,"줄이다, 완화하다","The medication helped lessen his pain.","약이 그의 통증을 완화하는 데 도움을 주었습니다."
liable,"~하기 쉬운, ~할 것 같은","Drivers are liable to accidents in heavy rain.","운전자들은 폭우 속에서 사고가 나기 쉽습니다."
light refreshment,가벼운 다과,"They served light refreshments during the break.","그들은 휴식 시간 동안 가벼운 다과를 제공했습니다."
liquidate,"처분하다, 청산하다","The company decided to liquidate its assets to pay off debts.","회사는 부채를 갚기 위해 자산을 처분하기로 결정했습니다."
mandate,"명령하다, 요구하다","The new law mandates that all cars must be electric by 2035.","새 법은 2035년까지 모든 차량이 전기차여야 한다고 명령합니다."
manipulation,조작,"The data was found to be altered through manipulation.","데이터가 조작을 통해 변경된 것으로 밝혀졌습니다."
markedly,두드러지게,"Her performance has improved markedly since last year.","그녀의 성과는 작년 이후로 두드러지게 향상되었습니다."
meager,"부족한, 결핍된","The farmers struggled to survive on their meager earnings.","농부들은 부족한 수입으로 생존하기 위해 고군분투했습니다."
means,"수단, 방법","We need to find alternative means to solve this problem.","우리는 이 문제를 해결할 대체 수단을 찾아야 합니다."
merely,단지,"He was merely trying to help, not criticize.","그는 단지 돕고자 했을 뿐, 비판하려던 것이 아니었습니다."
merchandise,상품,"The store sells a variety of merchandise including clothes and electronics.","그 가게는 의류와 전자제품을 포함한 다양한 상품을 판매합니다."
meteorological,기상의,"The meteorological department issued a warning about the upcoming storm.","기상청은 다가오는 폭풍에 대해 경고를 발표했습니다."
meticulously,꼼꼼하게,"She meticulously reviewed the document before signing it.","그녀는 서명하기 전에 문서를 꼼꼼하게 검토했습니다."
minutes,"회의록, 의사록","The secretary recorded the minutes of the meeting.","비서가 회의록을 기록했습니다."
morale,사기,"The team's morale was high after their recent victory.","최근 승리 이후 팀의 사기가 높았습니다."
municipality,지방자치단체,"The municipality is responsible for maintaining local roads.","지방자치단체는 지역 도로 유지 관리를 책임집니다."
negligence,"부주의, 태만","The accident was caused by the driver's negligence.","그 사고는 운전자의 부주의로 인해 발생했습니다."
novice,초보자,"As a novice in photography, she still has a lot to learn.","사진 촬영 초보자로서 그녀는 여전히 배울 것이 많습니다."
numerically,수적으로,"The results are presented numerically in the report.","결과는 보고서에 수적으로 제시되어 있습니다."
prone,"~하기 쉬운, ~경향이 있는","Children are prone to catching colds in winter.","아이들은 겨울에 감기에 걸리기 쉽습니다."
proportion,비율,"A large proportion of the population supports the new policy.","인구의 상당 비율이 새 정책을 지지합니다."
prosperous,"번영하는, 번창한","The city became prosperous after the discovery of oil.","그 도시는 석유 발견 이후 번창하게 되었습니다."
provision,"조항, 공급","The contract includes a provision for early termination.","계약에는 조기 종료에 대한 조항이 포함되어 있습니다."
proximity,근접,"The hotel is in close proximity to the beach.","그 호텔은 해변과 가까운 거리에 있습니다."
puddle,웅덩이,"He accidentally stepped into a puddle while crossing the street.","그는 길을 건너다 웅덩이에 실수로 발을 디뎠습니다."
punctual,시간을 지키는,"She is always punctual for meetings.","그녀는 항상 회의에 시간을 잘 지킵니다."
pursue,"추구하다, 밀고 나가다","He decided to pursue a career in medicine.","그는 의학 분야에서 경력을 추구하기로 결정했습니다."
quote,인용하다,"She quoted a famous author in her speech.","그녀는 연설에서 유명 작가의 말을 인용했습니다."
raw materials,원자재,"The factory imports raw materials to produce goods.","그 공장은 제품 생산을 위해 원자재를 수입합니다."
reconcile,화해시키다,"They finally reconciled after years of conflict.","그들은 오랜 갈등 끝에 마침내 화해했습니다."
rectify,"고치다, 바로잡다","The company worked to rectify the errors in their system.","회사는 시스템의 오류를 바로잡기 위해 노력했습니다."
reference,추천서,"You need to provide at least two references for the job application.","그 직업 지원을 위해 적어도 두 개의 추천서를 제공해야 합니다."
refrain from ~ing,"~을 그만두다, 삼가다","Please refrain from smoking in this area.","이 지역에서는 흡연을 삼가 주세요."
regulate,"규제하다, 조정하다","The government aims to regulate emissions from factories.","정부는 공장의 배출가스를 규제하는 것을 목표로 합니다."
reimburse,"변상하다, 환급하다","The company will reimburse you for travel expenses.","회사가 여행 경비를 변상할 것입니다."
rein,억제하다,"You need to rein in your spending habits.","당신은 소비 습관을 억제해야 합니다."
relevant,관련된,"This document is highly relevant to our discussion.","이 문서는 우리의 논의와 매우 관련이 있습니다."
relieve,경감하다,"The medication helped relieve his headache.","약이 그의 두통을 경감하는 데 도움을 주었습니다."
reluctant,"꺼리는, 주저하는","She was reluctant to accept the offer.","그녀는 그 제안을 받아들이기를 꺼렸습니다."
remedy,바로 잡다,"We need to find a remedy for this situation.","우리는 이 상황을 바로잡을 방법을 찾아야 합니다."
remit,"송금하다, 면제하다","He promised to remit the payment by next week.","그는 다음 주까지 송금을 약속했습니다."
reoccurrence,재발,"The doctor is trying to prevent the reoccurrence of the disease.","의사는 질병의 재발을 막기 위해 노력하고 있습니다."
respective,각각의,"The participants returned to their respective homes after the event.","참가자들은 행사 후 각각의 집으로 돌아갔습니다."
respirator,인공호흡장치,"The patient was put on a respirator to help them breathe.","환자는 호흡을 돕기 위해 인공호흡장치를 착용했습니다."
retail,"소매의, 소매하다","The store specializes in retail sales of electronic goods.","그 가게는 전자 제품의 소매 판매를 전문으로 합니다."
retain,보관하다,"The company will retain the records for future reference.","회사는 기록을 보관하여 나중에 참조할 예정입니다."
retrieve,회수하다,"She managed to retrieve her lost wallet from the bus station.","그녀는 버스 정류장에서 잃어버린 지갑을 회수했습니다."
revise,"정정하다, 수정하다","The author decided to revise the manuscript before publishing.","저자는 출판 전에 원고를 수정하기로 결정했습니다."
ridicule,비웃다,"They ridiculed him for his strange outfit.","그들은 그의 이상한 옷차림을 비웃었습니다."
rigorous,"엄격한, 혹독한","The school has a rigorous academic program.","그 학교는 엄격한 학업 프로그램을 운영합니다."
rural,시골의,"She enjoys the quiet and peace of rural life.","그녀는 시골 생활의 조용함과 평화를 즐깁니다."
sanctions against,~에 대한 제재,"The government imposed sanctions against the neighboring country.","정부는 이웃 나라에 제재를 부과했습니다."
secure a patent,특허를 획득하다,"The company managed to secure a patent for their new technology.","그 회사는 새로운 기술에 대해 특허를 획득했습니다."
shred,"잘게 자르다, 찢다","He shredded the confidential documents to protect the information.","그는 정보를 보호하기 위해 기밀 문서를 잘게 찢었습니다."
shrub,관목,"The garden is filled with colorful flowers and shrubs.","정원은 형형색색의 꽃과 관목으로 가득 차 있습니다."
significant,"상당한, 의미있는, 중대한","The study revealed significant improvements in patient health.","그 연구는 환자 건강에서 상당한 개선을 보여주었습니다."
sparsely,"희박하게, 드문드문","The area is sparsely populated with only a few small villages.","그 지역은 몇몇 작은 마을만 드문드문 분포해 있습니다."
specify,명시하다,"The contract specifies the terms of payment clearly.","계약서는 지불 조건을 명확히 명시하고 있습니다."
standing ovation,기립박수,"The actor received a standing ovation for his incredible performance.","그 배우는 놀라운 연기로 기립박수를 받았습니다."
sternly,엄격하게,"The teacher sternly warned the students about cheating.","선생님은 부정행위에 대해 학생들에게 엄격히 경고했습니다."
companion,"동료, 친구","He was a loyal companion throughout the journey.","그는 여행 내내 충실한 동료였습니다."
compartment,(물건 보관용)칸,"The train has a luggage compartment for large bags.","기차에는 큰 가방을 위한 짐칸이 있습니다."
compatible,"호환 가능한, 양립될 수 있는","This software is compatible with most operating systems.","이 소프트웨어는 대부분의 운영 체제와 호환 가능합니다."
compliance,준수,"The company must ensure compliance with environmental regulations.","회사는 환경 규정을 준수해야 합니다."
complimentary,"무료의, 칭찬하는","The hotel offers complimentary breakfast to all guests.","그 호텔은 모든 손님에게 무료 아침 식사를 제공합니다."
comply with,규정을 준수하다,"All employees must comply with the company policies.","모든 직원은 회사 정책을 준수해야 합니다."
comprehensive,포괄적인,"The report provides a comprehensive overview of the issue.","그 보고서는 문제에 대한 포괄적인 개요를 제공합니다."
conceal,숨기다,"She tried to conceal her disappointment with a smile.","그녀는 미소로 실망을 숨기려고 노력했습니다."
concede,인정하다,"He reluctantly conceded that he was wrong.","그는 마지못해 자신이 틀렸음을 인정했습니다."
conceivably,"아마도, 상상컨데","Conceivably, the project could be completed by next year.","아마도 그 프로젝트는 내년까지 완료될 수 있을 것입니다."
concerning,~에 관하여,"He asked several questions concerning the new policy.","그는 새 정책에 관해 몇 가지 질문을 했습니다."
conduct,"수행하다, 처리하다","The scientist conducted an experiment to test the theory.","그 과학자는 이론을 테스트하기 위해 실험을 수행했습니다."
confide,(비밀을)털어놓다,"She confided her worries to her best friend.","그녀는 자신의 걱정을 가장 친한 친구에게 털어놓았습니다."
confidentiality,기밀성,"Maintaining confidentiality is essential in this job.","기밀성을 유지하는 것이 이 직업에서는 필수적입니다."
congest,혼잡하게 하다,"Traffic congestion during rush hours is a major issue in the city.","출퇴근 시간 동안 교통 혼잡은 도시의 주요 문제입니다."
conscious,의식이 있는,"She was conscious of her surroundings despite the noise.","그녀는 소음에도 불구하고 주변을 의식하고 있었습니다."
consecutive,"연속의, 연이은","This is his third consecutive win in the competition.","이번이 그가 대회에서 연속 세 번째 우승한 것입니다."
consent,"동의, 허가","The project cannot proceed without the consent of all members.","모든 구성원의 동의 없이는 프로젝트가 진행될 수 없습니다."
consequent,~의 결과로 일어나는,"The storm and consequent flooding caused significant damage.","폭풍과 그로 인한 홍수가 상당한 피해를 초래했습니다."
consistently,지속적으로,"She has performed consistently well throughout the season.","그녀는 시즌 내내 꾸준히 좋은 성적을 냈습니다."
conspicuous,눈에 띄는,"Her bright red coat made her conspicuous in the crowd.","그녀의 밝은 빨간 코트는 군중 속에서 눈에 띄게 했습니다."
constraint,"제약, 제한","Budget constraints limited the scope of the project.","예산 제약이 프로젝트의 범위를 제한했습니다."
containment,"견제, 억제","The government implemented measures for the containment of the virus.","정부는 바이러스 억제를 위한 조치를 시행했습니다."
contemporary,같은 시대의,"This museum features contemporary art from the 21st century.","이 박물관은 21세기의 현대 미술을 전시합니다."
contingency,만일의 사태,"We need a contingency plan in case of an emergency.","비상사태에 대비한 대책이 필요합니다."
contraction,"수축, 축소","The contraction of the economy led to widespread unemployment.","경제의 수축이 대규모 실업을 초래했습니다."
contrary,반대되는,"His actions are contrary to what he says.","그의 행동은 그가 말하는 것과 반대됩니다."
conveniently,편리하게,"The hotel is conveniently located near the airport.","호텔은 공항 근처에 편리하게 위치해 있습니다."
convince,납득시키다,"She managed to convince him to join the project.","그녀는 그를 설득하여 프로젝트에 참여하게 했습니다."
cope with,~에 맞서다,"He is trying to cope with the stress of his new job.","그는 새로운 직장의 스트레스에 맞서려고 노력하고 있습니다."
cordially,진심으로,"We cordially invite you to our annual conference.","우리는 당신을 연례 회의에 진심으로 초대합니다."
craft,공예품,"The market is full of handmade crafts from local artisans.","시장은 지역 장인들의 수제 공예품으로 가득합니다."
curb,억제하다,"The government implemented new policies to curb inflation.","정부는 인플레이션을 억제하기 위한 새로운 정책을 시행했습니다."
cutting-edge,첨단의,"The company is known for its cutting-edge technology.","그 회사는 첨단 기술로 유명합니다."
dedication,헌신,"Her dedication to her work earned her a promotion.","그녀의 일에 대한 헌신은 그녀에게 승진을 안겨주었습니다."
defective,결함이 있는,"The car was recalled due to a defective part.","그 자동차는 결함 있는 부품 때문에 리콜되었습니다."
delicate,"섬세한, 민감한","Handle the glassware carefully; it’s very delicate.","유리 제품을 조심히 다루세요. 매우 섬세합니다."
designated,지정된,"This area is designated for emergency parking only.","이 지역은 비상 주차 전용으로 지정되었습니다."
detach,떼어내다,"You can detach the lid for easier cleaning.","더 쉽게 청소할 수 있도록 뚜껑을 떼어낼 수 있습니다."
detain,억류하다,"The police detained him for further questioning.","경찰은 추가 질문을 위해 그를 억류했습니다."
determined,"단호한, 단단히 결심한","She is determined to achieve her goals no matter what.","그녀는 어떤 일이 있어도 목표를 이루기로 단단히 결심했습니다."
extrairdinary,"보기 드문, 탁월한","He has an extraordinary talent for music.","그는 음악에 대한 탁월한 재능을 가지고 있습니다."
extravagant,낭비벽이 있는,"Her extravagant spending habits worried her family.","그녀의 낭비벽 있는 소비 습관은 가족을 걱정시켰습니다."
extreme measure,극단적인 조치,"The government took extreme measures to combat the crisis.","정부는 위기를 극복하기 위해 극단적인 조치를 취했습니다."
fabrication,제작,"The fabrication of the new prototype took several weeks.","새로운 프로토타입의 제작에는 몇 주가 걸렸습니다."
facilitate,가능하게 하다,"The new software will facilitate faster data processing.","새로운 소프트웨어는 더 빠른 데이터 처리를 가능하게 할 것입니다."
fatal,치명적인,"The accident was caused by a fatal error in judgment.","그 사고는 치명적인 판단 오류로 인해 발생했습니다."
feasibility,"가능성, 실행 가능함","The team is assessing the feasibility of the new project.","팀은 새 프로젝트의 실행 가능성을 평가하고 있습니다."
feature,"특징, 특징으로 하다","This car features the latest safety technology.","이 자동차는 최신 안전 기술을 특징으로 합니다."
fiasco,"큰 실수, 대실패","The event turned into a fiasco due to poor planning.","그 행사는 계획 부족으로 큰 실패로 끝났습니다."
fine,벌금을 부과하다,"He was fined for parking in a no-parking zone.","그는 주차 금지 구역에 주차한 것에 대해 벌금을 부과받았습니다."
fixture,"고정 세간, 붙박이","The light fixture in the room needs to be replaced.","방의 조명 기구를 교체해야 합니다."
flourish,번창하다,"The small business began to flourish after launching its online store.","그 소규모 사업은 온라인 상점을 시작한 후 번창하기 시작했습니다."
fluctuation,변동,"There is a lot of fluctuation in the stock market these days.","요즘 주식 시장에는 변동이 많습니다."
for the time being,당분간,"Let’s stay here for the time being until the storm passes.","폭풍이 지나갈 때까지 당분간 여기 머물러요."
formerly,"이전에, 예전에","He was formerly employed as a software engineer.","그는 이전에 소프트웨어 엔지니어로 일했습니다."
forthcoming,다가오는,"The company is preparing for the forthcoming product launch.","회사는 다가오는 제품 출시를 준비하고 있습니다."
fraud,사기,"The company was accused of committing financial fraud.","그 회사는 재정적 사기를 저질렀다는 혐의를 받았습니다."
freight,화물,"The ship was loaded with freight destined for Europe.","그 배는 유럽으로 향하는 화물로 가득 차 있었습니다."
fringe benefit,부가혜택,"The company offers excellent fringe benefits, including free gym memberships.","회사는 무료 헬스장 이용권을 포함한 훌륭한 부가혜택을 제공합니다."
frustrate,"좌절시키다, 실망시키다","The constant delays frustrated everyone involved.","계속된 지연은 관련된 모든 사람을 좌절시켰습니다."
fulfill,이행하다,"He fulfilled his promise to help with the project.","그는 프로젝트를 돕겠다는 약속을 이행했습니다."
fundamental,기본적인,"Understanding basic grammar is fundamental to learning a language.","기본 문법을 이해하는 것은 언어 학습의 기본입니다."
genuine,진짜의,"She gave him a genuine smile of appreciation.","그녀는 감사의 진심 어린 미소를 보냈습니다."
grant,허가하다,"The university granted him a scholarship for his outstanding performance.","대학교는 그의 뛰어난 성과에 대해 장학금을 수여했습니다."
haphazardly,"우연히, 무턱대고, 되는 대로","The books were arranged haphazardly on the shelves.","책들이 선반에 무턱대고 정리되어 있었습니다."
have familiarity with,"~을 잘 알다, ~에 정통하다","She has familiarity with the software used in this company.","그녀는 이 회사에서 사용하는 소프트웨어를 잘 알고 있습니다."
hazardous,위험한,"Smoking is hazardous to your health.","흡연은 건강에 해롭습니다."
hepatitis,간염,"Hepatitis is a serious disease that affects the liver.","간염은 간에 영향을 미치는 심각한 질병입니다."
hierarchy,"계층, 계급","The corporate hierarchy determines the chain of command in the company.","기업 계층 구조는 회사의 명령 체계를 결정합니다."
immensely,"대단히, 엄청나게","She was immensely pleased with her exam results.","그녀는 시험 결과에 대단히 기뻤습니다."
imperative,반드시 해야 하는,"It is imperative to complete the task by the deadline.","기한 내에 과제를 완료하는 것이 필수적입니다."
implement,"이행하다, 실행하다","The company plans to implement a new strategy to improve sales.","회사는 판매를 늘리기 위해 새로운 전략을 실행할 계획입니다."
implication,"밀접한 관계, 관련, 암시","The implications of this decision will affect the entire team.","이 결정의 영향은 전체 팀에 영향을 미칠 것입니다."
impose,"부과하다, 강요하다","The government imposed a tax on luxury goods.","정부는 사치품에 세금을 부과했습니다."
in a timely manner,시의 적절하게,"Please respond to the client's email in a timely manner.","고객의 이메일에 시의 적절하게 답변해 주세요."
in association with,~와 공동으로,"The event was organized in association with local charities.","그 행사는 지역 자선 단체와 공동으로 조직되었습니다."
in compliance with,"~에 따라, ~와 협력하여","The factory operates in compliance with environmental regulations.","공장은 환경 규정을 준수하며 운영됩니다."
in light of,~에 비추어,"In light of recent events, the policy will be reviewed.","최근 사건에 비추어 정책이 검토될 것입니다."
in terms of,~의 관점에서,"The project was successful in terms of profitability.","그 프로젝트는 수익성의 관점에서 성공적이었습니다."
in the red,적자의,"The company has been in the red for the past three quarters.","그 회사는 지난 세 분기 동안 적자를 기록했습니다."
incidence,"발생정도, 범위","The incidence of flu is higher during the winter season.","독감 발생률은 겨울철에 더 높습니다."
objectify,객관화하다,"The data helps us objectify the problem and find solutions.","그 데이터는 문제를 객관화하고 해결책을 찾는 데 도움을 줍니다."
obligate,의무를 지우다,"The contract obligates both parties to meet the deadlines.","계약은 양측 모두에게 기한을 준수할 의무를 부여합니다."
oblige,부득이 ~하게 하다,"The heavy rain obliged us to cancel the outdoor event.","폭우로 인해 야외 행사를 취소할 수밖에 없었습니다."
obscure,덮어 감추다,"The meaning of the ancient text was obscure to the scholars.",그 고대 텍스트의 의미는 학자들에게 이해하기 어려웠다.
obsolete,쓸모없게 된,"Typewriters are now considered obsolete.",타자기는 이제 쓸모없다고 여겨진다.
obstruct,방해하다,"The parked car obstructed the view of the pedestrians.",주차된 차가 보행자의 시야를 방해했다.
occupancy,"점유, 선점","The building’s occupancy rate has increased since last year.",그 건물의 점유율이 작년 이후로 증가했다.
omission,생략,"The omission of important details caused confusion.",중요한 세부사항의 생략이 혼란을 초래했다.
opportune,"시기가 좋은, 알맞은","It was an opportune time to launch the new product.",새 제품을 출시하기에 좋은 시기였다.
orchestrate,"주관하다, 조정하다","She orchestrated the event down to the smallest detail.",그녀는 작은 세부 사항까지 그 행사를 조정했다.
originate,"비롯되다, 유래하다","The custom originates from ancient traditions.",그 관습은 고대 전통에서 유래되었다.
out of thin air,난데없이,"The idea seemed to come out of thin air.",그 아이디어는 난데없이 떠오른 것 같았다.
outpace,보다 속도가 빠르다,"The new runner outpaced all his competitors.",새로운 주자가 모든 경쟁자를 앞질렀다.
outskirt,"교외, 변두리","She lives on the outskirts of the city.",그녀는 도시 외곽에 산다.
overhead expense,경상비,"The company needs to reduce its overhead expenses.",회사는 경상비를 줄여야 한다.
owing to,~때문에,"The flight was delayed owing to bad weather.",항공편이 악천후로 인해 지연되었다.
patronize,단골로 삼다,"I patronize local businesses to support the community.",나는 지역 사회를 지원하기 위해 지역 가게를 단골로 이용한다.
perishable,썩기 쉬운,"Perishable goods must be stored in a cool place.",썩기 쉬운 상품은 서늘한 곳에 보관해야 한다.
permissible,"허용되는, 허용할 수 있는","It is permissible to park here after 6 PM.",오후 6시 이후에는 여기에 주차하는 것이 허용된다.
perpetrate,"범하다, 저지르다","He perpetrated a fraud against the company.",그는 회사에 사기를 저질렀다.
persistence,"끈덕짐, 고집","Her persistence paid off after years of hard work.",그녀의 끈덕짐은 오랜 노력 끝에 결실을 맺었다.
perspective,"견지, 시각","From my perspective, the plan seems flawed.",내 시각에서 볼 때 그 계획은 결점이 있어 보인다.
persuasive,설득력 있는,"Her speech was very persuasive and changed many minds.",그녀의 연설은 매우 설득력이 있었고 많은 사람들의 마음을 바꿨다.
pertain to,~와 관련되다,"The rules pertain to all members of the group.",그 규칙은 그룹의 모든 구성원에게 적용된다.
phase out,단계적으로 없애다,"The company plans to phase out old equipment.",회사는 오래된 장비를 단계적으로 없앨 계획이다.
poised,(~을 할)준비가 다 된,"She was poised to make a decision when the phone rang.",전화가 울릴 때 그녀는 결정을 내릴 준비가 되어 있었다.
precaution,예방책,"Take precautions when handling chemicals.",화학 물질을 다룰 때 예방책을 취하세요.
precipitation,강수량,"The region has experienced high precipitation this month.",이 지역은 이번 달에 높은 강수량을 경험했다.
precisely,"정확히, 꼼꼼하게","I can’t recall precisely when it happened.",정확히 언제 일이 발생했는지 기억할 수 없다.
preferment,"승진, 발탁","His preferment surprised many of his colleagues.",그의 발탁은 많은 동료들을 놀라게 했다.
preliminary,"예비의, 사전 준비","The results are only preliminary and not final.",그 결과는 단지 예비적일 뿐이며 최종적인 것은 아니다.
premises,"구내, 건물(내)","Smoking is not allowed on the premises.",구내에서는 흡연이 허용되지 않습니다.
premier,최고의,"He is one of the premier artists of our time.",그는 우리 시대의 최고의 예술가 중 한 명이다.
prevalent,"유행하는, 널리 퍼진","This belief is prevalent in many cultures.",이 믿음은 많은 문화에서 널리 퍼져 있다.
priority,우선순위,"Safety is our top priority at all times.",안전은 항상 우리의 최우선 순위이다.
probationary period,수습기간,"New employees are on a probationary period for three months.",신입 직원들은 3개월 동안 수습기간을 가진다.
proficient,능숙한,"She is proficient in three languages.",그녀는 세 가지 언어에 능숙하다.
prohibit,금지하다,"Smoking is prohibited in this building.",이 건물에서는 흡연이 금지되어 있다.
prolong,"늘리다, 연장하다","The meeting was prolonged due to endless discussions.",그 회의는 끝없는 논의로 인해 연장되었다.
prominent,두드러진,"He has a prominent scar on his cheek.",그는 뺨에 두드러진 흉터가 있다.
prompt,신속한,"The customer service team provided a prompt response.",고객 서비스 팀은 신속한 응답을 제공했다.
stimulate,"자극하다, 촉진하다","The new policy is expected to stimulate economic growth.",새 정책은 경제 성장을 촉진할 것으로 예상된다.
stipulate,규정하다,"The contract stipulates the terms of payment.",그 계약은 지불 조건을 규정하고 있다.
stock farmer,목축업자,"The stock farmer raises cattle for a living.",그 목축업자는 생계를 위해 소를 기른다.
stingently,엄중하게,"The rules are enforced stingently to ensure compliance.",그 규칙은 준수를 보장하기 위해 엄격하게 시행된다.
strive to,~하기 위해 노력하다,"We strive to provide the best service possible.",우리는 가능한 최고의 서비스를 제공하기 위해 노력한다.
subject to,~을 겪게 하다,"The schedule is subject to change.",일정은 변경될 수 있다.
submit,제출하다,"Please submit your application by the deadline.",마감일까지 신청서를 제출하세요.
subsequent,"다음의, 그후의","The subsequent events proved her prediction correct.",그 후의 사건들은 그녀의 예측이 옳았음을 증명했다.
supplement,"보충하다, 메우다","He supplements his income by working part-time.",그는 아르바이트를 하며 수입을 보충한다.
word,meaning,example,sentence_meaning
suspicious,의심하는,"She became suspicious of his behavior.",그녀는 그의 행동에 의심을 품게 되었다.
sustain,"지탱하다, 유지하다","The bridge was designed to sustain heavy loads.",그 다리는 무거운 하중을 지탱하도록 설계되었다.
symptom,증상,"Fever and coughing are common symptoms of the flu.",열과 기침은 독감의 일반적인 증상이다.
tailor A to B,A를 B에 맞추다,"The company tailored its services to customer needs.",그 회사는 고객의 요구에 맞추어 서비스를 조정했다.
take into account,~을 고려하다,"You should take into account the weather when planning a trip.",여행을 계획할 때 날씨를 고려해야 한다.
take it back,취소하다,"He said he was sorry and took back his words.",그는 미안하다고 말하며 자신의 말을 취소했다.
tedious,지루한,"The task was so tedious that she almost fell asleep.",그 일은 너무 지루해서 그녀는 거의 잠들 뻔했다.
tentatively,임시로,"The meeting is tentatively scheduled for next Monday.",회의는 임시로 다음 주 월요일로 예정되어 있다.
testify,증언하다,"She testified in court against the defendant.",그녀는 법정에서 피고에 반대하여 증언했다.
to some extent,어느 정도,"The project was successful to some extent.",그 프로젝트는 어느 정도 성공적이었다.
trivia,사소한 일,"He enjoys reading trivia about history.",그는 역사에 관한 사소한 사실을 읽는 것을 좋아한다.
tuition,수업료,"The tuition for this semester has increased.",이번 학기의 수업료가 인상되었다.
turmoil,"혼란, 소란","The country is in political turmoil.",그 나라는 정치적 혼란 상태에 있다.
twofold,두 부분의,"The benefits of the program are twofold: financial and educational.",그 프로그램의 이점은 두 가지로 나뉜다: 재정적 및 교육적.
undergo,겪다,"She will undergo surgery next week.",그녀는 다음 주에 수술을 받을 것이다.
upkeep,"양육, 유지","The upkeep of the house requires significant effort.",그 집을 유지하는 데는 많은 노력이 필요하다.
utmost,최대의,"We must exercise the utmost caution during the operation.",우리는 작업 중에 최대한의 주의를 기울여야 한다.
utilize,활용하다,"The team utilized the latest technology to solve the problem.",그 팀은 문제를 해결하기 위해 최신 기술을 활용했다.
vaguely,"모호하게, 막연히","He vaguely remembered meeting her before.",그는 그녀를 전에 만났던 것을 막연히 기억했다.
valid,"유효한, 합법적인","Your passport must be valid for at least six months.",여권은 최소 6개월 이상 유효해야 한다.
variable,변하기 쉬운,"The weather in this region is highly variable.",이 지역의 날씨는 매우 변하기 쉽다.
vastly,"방대하게, 대단히","The company's profits have vastly increased this year.",그 회사의 수익이 올해 대단히 증가했다.
verbalize,말로 나타내다,"He struggled to verbalize his feelings.",그는 자신의 감정을 말로 표현하는 데 어려움을 겪었다.
verify,확인하다,"Please verify the information before sending it.",보내기 전에 정보를 확인하세요.
versatile,다용도의,"This tool is extremely versatile and can be used in many ways.",이 도구는 매우 다용도로 사용될 수 있다.
vital,"중요한, 필수적인","Proper nutrition is vital for good health.",적절한 영양 섭취는 건강에 필수적이다.
waive,"면제하다, 포기하다","The bank waived the late fee as a courtesy.",은행은 예의로 연체료를 면제했다.
weightlessness,무중력,"Astronauts experience weightlessness in space.",우주 비행사들은 우주에서 무중력을 경험한다.
willingly,"기꺼이, 자진해서","She willingly helped her friend with the project.",그녀는 프로젝트에서 친구를 기꺼이 도왔다.
workmanship,"기량, 솜씨","The workmanship of the handmade furniture was impressive.",수제 가구의 솜씨는 인상적이었다.
worrisome,걱정스러운,"The increasing crime rate is worrisome to the residents.",범죄율 증가가 주민들에게 걱정을 주고 있다.